reviews,notes
"Soyons clair, si ce n’était pour faire plaisir à mes enfants, jamais je ne serais allé voir « Minecraft, le film » au cinéma. Eux ont trouvé ça très bien, mais pour un adulte normalement constitué, l'intérêt est très limité. Le seul point qui n’est pas trop loupé ce sont les grands extérieurs, qui bien que cubiques gardent un côté esthétique. Pour tout le reste, que ce soit les CGI omniprésents et très laids, le jeu d’acteur (malgré la sympathie que j’ai pour Jason Momoa et Joe Black), le scénario, les blagues qui tombent à plat…il n’y a rien à sauver. Le temps m’a paru bien long…","1,0"
"Connaissant le jeu sans y avoir joué, je n'ai donc pas décelé toutes les références ou clins d'oeil dans le film. Cependant, Minecraft est appréciable en tant qu'aventure, dans un style de comédie à la Jack Black (qui fait plus sourire que rire). Le casting est cohérent avec l'histoire (mais qui ne casse pas des briques non plus), on passe un bon moment, notamment dans les scènes avec le loup.","3,5"
"Ce film s'en va dans tous les sens sans scénario bien charpenté.On y reconnait un monde réel, un monde merveilleux aux couleurs chatoyantes et un monde souterrain sombre ,haineux ... déchu....mais cette idée est mal exploitée, le film manque aussi d'humour et de bons sentiments .Généralement, quand un adulte accompagne des enfants, il y trouve aussi son compte, mais là pas grand chose de construit!","2,0"
"En chantier depuis de nombreuses années, ""Minecraft, Le Film"" a enfin débarqué en salles ! Pourtant, là où cette adaptation de ce jeu vidéo culte pouvait être un événement marquant de l'année 2025, le projet n'a cessé de créer de la frustration auprès des spectateurs. Cela avait déjà commencé bien avant la sortie du film, lorsque le style du projet avait été annoncé. L'idée de proposer cet univers de manière réaliste, avec de vrais acteurs, avait de quoi rebuter les fans de la série. Quand on voit à quel point l'animation réussit à sublimer certaines licences très colorées et spécifiques, on avait du mal à comprendre pourquoi ce projet ne s'était pas fait de cette manière. Et globalement, cela ne s'est pas arrangé à l'annonce du casting, Jack Black ayant été annoncé comme étant le personnage principal de l'histoire, ce dernier incarnant le célèbre Steve. Si ce héros a toujours incarné le personnage par défaut, à la tenue très simple, l'acteur semblait être à l'opposé de cela, que ce soit dans son jeu ou dans son physique. Et enfin, comme si cela ne suffisait pas, la bande-annonce a fini d'enterrer la moindre attente envers ce projet, le ton étant clairement très léger et cherchant bien plus à parler à un public familial qu'aux véritables fans de la série. Alors, avec assez peu d'envie de le voir, je me suis pourtant lancé dans le visionnage de cette adaptation tant attendue. Et dans l'ensemble, comme on s'y attendait, le résultat est vraiment mauvais. Pourtant, en visionnant le film, je me suis un peu réconcilié avec l'idée de proposer cet univers dans un format réaliste. Pour le coup, le gros point fort du long-métrage vient de sa représentation du monde de Minecraft, qui est plutôt réussie. Les décors sont assez jolis, plutôt fidèles à l'œuvre originale (malgré un aspect moins minimaliste), et les effets spéciaux réussissent à rendre cela crédible. Malheureusement, j'ai la sensation que nous sommes encore face à un projet qui a été trop rapidement conçu. Avec moins d'une petite année de post-production, on sent que les effets visuels n'ont pas pu être correctement finalisés, notamment en ce qui concerne les incrustations sur fonds-verts ! Ils se sentent beaucoup trop, et on a donc du mal à croire que nos héros sont bien dans ce monde. Mais malgré tout, il est vrai que cela reste quand même assez positif. On se dit que l'univers a été bien représenté, et même si le délai de post-production a été trop court, le rendu n'est pas horrible à tous les étages. Alors, que pourrait-il mal se passer ? À cette question, il est pourtant facile de répondre, car, hormis ce point, tout le reste du projet est à jeter. Très sincèrement, rien ne fonctionne dans ce film, et cela en devenait même navrant à certains instants. Dès l'introduction, on comprend où nous avons mis les pieds, et ce n'est pas un compliment. La séquence n'a aucun autre but que de présenter l'univers, mais tout est fait de manière extrêmement peu subtile. Le rythme est beaucoup trop soutenu, et, en seulement 5 minutes, le film présente : le personnage principal, le fonctionnement de l'univers, les méchants et les enjeux du projet. Et pour le coup, en si peu de temps, il est impossible de faire quelque chose de cohérent. Le meilleur exemple étant la manière dont Steve nous est présenté, car on ne sait rien sur lui, on n'y est pas attaché et, de toute façon, il ne sera jamais vraiment développé durant le film. Et une fois que cette introduction est passée, rien ne va vraiment changer. Très rapidement, on va nous présenter les autres personnages du film, mais aucun ne réussit à être intéressant. Par exemple, Dawn ne sert absolument à rien, elle aurait pu être retirée du scénario, cela n'aurait rien changé. Ensuite, Henry et Natalie s'avèrent inintéressants dans leur développement, on montre à peine leurs conflits et la résolution de cela va être extrêmement prévisible. Quant à Garrett Garrison, si l'idée était intéressante, Jason Momoa en fait tellement des caisses dans son rôle, qu'il ne réussit jamais à être réellement convaincant. Par conséquent, avec une panoplie aussi ratée de personnages, il fut très compliqué de se sentir impliqué dans l'avancée du scénario. De toute manière, celui-ci est extrêmement mal orchestré en matière de rythme et d'enjeux dramatiques. Déjà, car il est constamment ponctué d'humour très mal placé, et aucune blague ne réussit à fonctionner. À la limite, les seuls moments drôles sont ceux avec le villageois dans le vrai monde, mais, bien qu'ils soient drôles, ils ne servent à rien en ce qui concerne le récit principal. Et ensuite, la conclusion de tout cela s'avère extrêmement décevante. On nous promet une immense bataille, mais celle-ci dure seulement 5 minutes et la manière dont tout cela est résolu est très frustrante. Alors que l'on pouvait espérer une vraie évolution de nos héros, le final esquive ces questions pour offrir un happy end extrêmement facile et qui ne remet jamais en perspective les agissements ou les conflits de certains de nos personnages. Tout est bien qui finit bien, mais sans aucune recherche pour faire plus. Très honnêtement, le résultat est donc un échec total. Avec un ensemble comme celui-ci, il est impossible de ressortir du visionnage en se sentant respecté. Certes, cela fera peut-être plaisir à quelques fans du jeu, à cause de quelques références et mécaniques qui ont été reprises, mais cela n'est pas censé suffire. Cette manie de caresser le spectateur dans le sens du poil, alors qu'on lui fournit un film vide, moche et mal écrit, est particulièrement angoissante. Comment le public peut-il se contenter de ça et ne pas se sentir insulté par ce projet ? Clairement, ce long-métrage est une insulte à la licence, et il n'aurait jamais dû voir le jour. Pour conclure, une très mauvaise adaptation.","1,5"
"Le film Minecraft est une déception colossale qui échoue à capturer l'essence même du jeu vidéo original. Avec un scénario prévisible et des personnages plats, le film semble être une tentative désespérée de capitaliser sur la popularité du jeu plutôt qu'une œuvre cinématographique à part entière.Les effets spéciaux, bien que fidèles à l'esthétique du jeu, ne suffisent pas à sauver un récit sans âme. Les acteurs, malgré leurs efforts, sont noyés dans un scénario sans profondeur et des dialogues dignes d'un mauvais épisode de série B. Le film manque cruellement d'originalité et de substance, se contentant de recycler des clichés éculés du genre.En résumé, Minecraft est un film sans inspiration, sans émotion et sans intérêt. À éviter absolument, sauf si vous êtes un fan inconditionnel du jeu et prêt à fermer les yeux sur ses nombreux défauts.","0,5"
"Sans de véritables attentes, le film Minecraft est un echec cuisant... mais pas au box office... Je ne comprends pas le succès... Ce film était au départ une fausse bonne idée. Le principe même de Minecraft, est avant tout un besoin ""créatif"" de s'exprimer. Le film ne le fait aucunement et n'avait qu'un seul objectif : l'argent...Terrible d'en arriver là...","1,0"
"bah franchement c'est très sympa. le mélange acteurs en 2D et monstres en 3D est impressionnant, hyper convainquant et un des melanges les plus reussi que j'ai vu dans un film. et le mélange des 2 marche très bien, même si ca aurait put être mieux j'ai réussi à rentrer dans le film sans aucun problèmes.les acteurs sont bon, imparfait mais eux aussi convainquant.les blagues mêmes si pas toujours très réussi marche assez bien la majeur partie du temps. et franchement le cotée adaptation du jeux est très réussi, sa utilise beaucoup de code et d'éléments de minecraft d'une bonne manière.Les plus grosse reproche que j'aurai sont l'absence de la musique pourtant si iconique et réussi du jeux originel casiment inexistante, et le manque de développement de personnages, sa part et sa vient quand sa arrange et on sent que sa se réserve trop par peur de pas parler assez au public enfantin.après des années d'attente, da aurait put être mieux, certes, mais sa reste très correct et assez bon pour que j'attende la suite","3,5"
Personnellement j'ai pas trop accroché j'ai été le voir avec mon fils je connais le jeu par rapport à mon fils mais pas comment il fonctionne par contre mon fils a aimé le film il beaucoup ri et tant mieux moi j'ai trouvé le temps long je mets 3 étoiles  car mon fils a aimé.,"3,0"
"Qui dit adaptation d’un jeu mondialement connu comme « Minecraft » dit forcément succès au box-office à la clé. Il fallait donc évidemment que certaines personnes avides de billets se prennent l’idée d’adapter le jeu en film. Résultat : c’est sans surprise très moyen. Le tout est très fade et pas très drôle. On s’ennuie et les acteurs sont en roue libre totale. Côté numérique c’est passable et disons qu’on retrouve plus ou moins l’esprit du jeu. Le climax est également sympathique mais franchement ça reste globalement très paresseux. On se retrouve donc sur un divertissement bateau et peu intéressant qui aurait à mon avis été plus pertinent s’il avait été un film d’animation. Honnêtement, je pense que ça aurait pu être meilleur mais aussi pire que le résultat qui nous est présenté.","2,5"
"C'est très moyen. La quête qui nous est présentée n'est pas captivante et on ne parvient pas à croire une seule seconde aux soi-disant enjeux qu'elle implique. Les personnages sont peu travaillés je trouve, ils sont juste là pour jouer un stéréotype et/ou nous faire rire. Je trouve quand même qu'il y a une exception : Steve, qui est attachant. Pour ce qui est des ""messages"" véhiculés par le film, ils sont pour moi mal retranscrits. La façon dont il sont intégrés manque cruellement d'originalité. Le problème majeur du film, selon moi, c'est qu'il ne sait pas vraiment où il va, ce qu'il veut susciter chez le spectateur. La situation dans laquelle sont les héros du film nous est décrite comme dangereuse et pourtant, dans les faits, dès que les personnages affrontent un péril ou un adversaire, on ne se sent pas vraiment impliqués dans le problème puisque les personnages, la scène, la situation sont ridiculisés. Malgré tout, Minecraft reste un minimum divertissant (je ne me suis pas particulièrement ennuyés) et certaines scènes sont amusantes. Je finirai en disant un mot sur les décors, qui reprennent les graphismes de jeu. Je les ai trouvés assez sympathiques, plutôt beaux dans la globalité.","2,0"
"Je ne comprends pas les commentaires catastrophique concernant ce film.Je trouve que c est un film d aventure de bonne facture, c est pas le film du siècle mais ça se laisse regarder, jack black y est en forme et Jason momoa à un rôle assez drôle et cool Le film me.fait penser à jumanji, on découvre ce monde créé par le personnage de jack black si mal dans cette vie réelle et propulsé dans un monde vierge de toute création mais dans ce petit paradis un monde maléfique y est aussi présent régi par ûe reine qui veut s emparer du diamant Bref un très bon divertissement","4,0"
"Il y a des films qui, dès leur annonce, semblent déjà être un geste de production obsolète. Le problème avec Minecraft, réalisé par Jared Hess, avec Jack Black et Jason Momoa, c'est qu'il l'assume et prendra tout du long son spectateur pour un con. On croyait pourtant en avoir fini avec l’idée de transposer les jeux vidéo à l'écran, surtout en live-action. Mais non : Hollywood, encore une fois, a confondu popularité et récit, liberté et structure, terrain de jeu et scénarisation. Le résultat, visible dès les premières images, tient moins du film que du produit, englué dans les codes d’un cinéma familial sous perfusion algorithmique.Ce qui frappe d’abord, c’est ce refus du ""temps"". Là où le jeu Minecraft repose sur le silence, l’ouverture, l’absence de but, le film se précipite à combler. Il veut tout expliquer : ce qu’est un bloc, pourquoi creuser, où aller, qui affronter. Chaque minute de flottaison est comblée par un gag, un dialogue, une ligne directrice. L’univers, pourtant si poreux, devient uniquement décor. Le spectateur n’explore plus : il suit. Il consomme un monde.Et cette volonté de guider, d’encadrer, produit une double violence : sur le spectateur et sur l’univers vidéoludique lui-même. Car Minecraft, ce n’est pas seulement une esthétique faite de cubes et de textures réduites : c’est aussi une invitation à construire sans autorisation, à faire récit sans intrigue. Le film, lui, écrase tout sous le poids d’une narration balisée, faite de portails magiques et de personnages sans caractérisation consistante, de quêtes déjà vues et de méchants sans épaisseur. L’imaginaire devient pastiche, et le monde, pourtant infini, se referme sur quelques vannes et un scénario fatigué.Jack Black et Jason Momoa ne semblent jamais croire à ce monde qui les entoure, et pour cause : il est mal intégré. L’animation CGI (moche) et les prises de vues réelles cohabitent sans jamais fusionner. Ce que Minecraft, le film, trahit fondamentalement, c’est une idée du cinéma comme espace à ouvrir. Le film ne rêve pas, il valide des tableaux Excel. Et le spectateur, qu’il soit joueur ou non, le sent confusément.Que le jeu ait été mal compris n’est pas le problème. C’est plus que le film ne comprend rien à la fiction elle-même. Une occasion manquée.","0,5"
J’ai pleurer sur le poulet cuit à la lave………………………………………………………………………………………………………………………………………………………..,"2,0"
"Honnêtement, je ne sais toujours pas quoi penser de ce film. Est-ce un désastre complet ou une œuvre volontairement absurde et provocatrice ? C’est un de ces objets cinématographiques étranges qu’on regarde jusqu’au bout, fasciné et confus, sans jamais vraiment savoir si on assiste à un navet total… ou à une parodie géniale.Discussion post-séance avec ma mère : pour elle, c’est évident, le film est volontairement débile, une caricature consciente et assumée du genre. Moi, je suis plus sceptique. J’ai plutôt eu l’impression d’un film premier degré, qui croit réellement à ce qu’il raconte… ce qui rend le tout encore plus bizarre.On est face à des personnages dignes d’une cour de récré – ultra caricaturaux, criards, écrits avec la finesse d’un spectacle de marionnettes pour enfants de 4 ans. Les scènes d’émotion frôlent le ridicule, à tel point qu’on finit par en rire, presque gêné. La relation pseudo homosexuelle entre les deux adultes est traitée de manière tellement maladroite qu’on ne sait pas si c’est un hommage ou une moquerie. Les blagues, elles, flirtent régulièrement avec le bas de la ceinture, et les chansons absurdes surgissent sans prévenir, comme dans un rêve sous acide.Et pourtant… malgré tout ça, certains éléments fonctionnent. L’univers du jeu est étonnamment bien retranscrit : les décors, les mécaniques, même la petite musique emblématique sont là. On sent que les créateurs du film connaissent le jeu, en tout cas dans sa version ""bac à sable"". Les effets spéciaux sont réussis, et beaucoup des créations présentées semblent fidèles à ce qu’on peut vraiment faire dans le jeu. La première nuit est d’ailleurs une belle référence que tout joueur reconnaîtra immédiatement.Mais alors pourquoi ce ton moqueur ? Le film donne parfois l’impression de ridiculiser son propre public : les créatifs sont dépeints comme des marginaux, mal aimés, bizarres… Une satire qui tombe à plat, surtout quand le message final valorise prétendument l’imagination et la création… sans jamais les faire triompher. La fin est particulièrement frustrante : pourquoi ne pas avoir montré que le jeu créé était Minecraft ? Cela aurait donné un sens et une portée plus large au propos. Là, on a juste un film qui s’emmêle entre hommage et moquerie.Et pourtant, je ne me suis pas ennuyé. Le film est absurde, parfois consternant, mais il ne laisse pas indifférent. On rit, parfois malgré soi. 
spoiler: 
Mention spéciale aux expressions culinaires de la grande méchante parlant de ses troupes qui sont des cochons en les disant – « Allez, mes petits lardons ! » – une réplique aussi débile qu’étrangement drôle (de l'humour noir comme je l'aime).
Je me pose aussi la question à qui est destiné le film, les blagues pour adultes omniprésente et les références à l'époque des salles d'arcane fait pencher pour un film à destination des adultes mais Minecraft, le scénario débile pour gamin fait pencher plutôt pour un film pour enfant très jeune. Le film ne sait pas à qui s'adresser et s'adresse donc à personne.Conclusion : un film profondément stupide, avec des personnages ridicules, un message flou, et une tendance à tirer dans les pattes de sa propre communauté de joueurs. Mais c’est aussi un film étrange, unique, qui mérite presque d’être vu… pour être cru. À réserver aux fans du jeu d’origine, qui sauront y repérer tous les easter eggs. Les autres risquent de passer un très mauvais moment… ou un moment qu’ils n’oublieront jamais.","2,0"
"Je ne suis pas dans la cible du film.De mon point de vue, le film est mal conçu et c est pénible à regarder.Pourtant nos ados de 13 et 15 ans ont passé un bon moment sans forcément adorer, ils avaient toutes les références. Film générationnel potentiellement un calvaire pour les accompagnateurs.","1,0"
"J ai passé un très bon moment.Un plaisir pour les joueurs de minecraft avec plein de petits détails qui nous rappelle bien le jeu.Je trouve les critiques sévères mais eventuellement compréhensible pour ceux qui ne sont pas fan du jeu.Bien attendre la fin du générique, nous avons une petite surprise...","5,0"
"Minecraft, l’un des jeux les plus populaires de tous les temps, réduit à ça… Il y avait tellement moyen d’en faire un long film très fidèle au jeu, riche en références, intrigues et sous intrigues qui explorent le jeu en profondeur, c’était vraiment le moment pour lâcher tout le fan-service qu’on sait si bien faire de nos jours… 
spoiler: 
 La fameuse référence à Technoblade est à peu près 
 la seule véritable référence du film, qui de plus n’est fidèle au jeu que dans la retranscription des designs (et encore regardez Steve !). Quant aux effets spéciaux ils sont d’une laideur !Mais si au moins c’était drôle comme promis !! La sorcière (qui n’existe pas dans le jeu) et surtout le villageois sont drôles, et c’est tout ! Les personnages principaux sont tout juste désopilants de par leur ridicule. Toutes leurs blagues bides, même Jason Momoa est insupportable. 
spoiler: 
Et allez qu’ils te placent le coup du salaud qui change et finit par se sacrifier, mais il survit. 
 Et premier degré. Et vas-y qu’ils se jettent dans tous les sens et disent n’importe quoi. Dans le cinéma, même les enfants ne riaient pas. Et vas-y que tout est incohérent et impossible (exemple : le jeune qui pousse Momoa et celui-ci tombe en avant dans un pop ultra mal fait). En guise de BO, une seule réutilisation de la BO de minecraft, juste le thème principal (vous savez ces notes de piano hésitantes et bien relaxantes). Ajoutées à ça de très bonnes chansons de rock et des chansons stupides chantées par les personnages, à n’en plus finir.Quel potentiel énorme gâché, rien à sauver, une nouvelle référence du nanar.","1,0"
"Film fourre toute . Énormément de référence à la pop culture. Quelques passage drole' , mais globalement c'est très creux","2,0"
"Je vais être honnête je m'attendais à pire, alors c'est pas bon pour autant mais c'est pas aussi catastrophique que ce à quoi je m'attendais. Niveau histoire j'ai pas compris pourquoi ils nous ont fait un remake de Jumanji au lieu de faire juste un film dans minecraft à la source. Les personnages sont pas très développé, on essaie d'installer un background pour chaque perso mais bon c'est un peu osef. Le point fort du film c'est le design des créatures ect ça c'est style. Certains font verts Sont à vomir par contre. C'est pas nul mais c'est pas bon pour autant mais pour l'effort je met 3.","3,0"
Drôle et fidèle au jeu vidéo.Humour plutôt pour adolescents et adultes .Divertissant la plupart du temps .,"3,5"
"Même si je n’ai jamais joué a ce jeu vidéo d’origine.C’est pas mal , assez bon humour de Jack et Jason Momoa.","3,0"
"Déçu. Dans la technique, donc tout ce qui est décor et musique, c’est super. Mais l’histoire n’a aucune profondeur et est beaucoup trop enfantine pour les joueurs Minecraft de première génération. C’est surtout destiné à la génération Fortnite.Je suis tanné des films où les personnages ne se posent aucunes questions. Il y a un portail magique. Normal. Tout est carré, normal. Le concept d’inventaire n’est même pas développé donc ils font juste faire apparaître des trucs comme ça.Bref, film moyen.","2,0"
"je suis amateur de film de tout genres et je trouve la notation sévére. le film a un partie pris, avec des personnages cartoonesques, mais ca tient la route. les images restent sympa, on passe un bon moment.alors petit plus je l ai vu en famille en 4DX et c etait vraiment tres tres drole. ca a beaucoup bougé.","3,5"
Je suis allé le voir sans trop m'attendre à grand chose mais au finale j'ai passé un bon moment. C'est un film d'aventure simple et quand même efficace bien que les plus jeunes en profiterons bien plus. La musique est classe. Je vous le conseil.,"3,5"
on retrouve la créativité du jeu et l'esprit un peu loufoque. Jack Black amène beaucoup au film mais il ne faut pas s'attendre à un chef d'oeuvre. On y va pour passer un moment no brain et ça fait le job,"4,0"
"Très très très basique sur sa structure, c'est le film hollywoodien typique du moment avec les mêmes codes réutilisé en boucle que je vais pas citer tellement ils sont évident. Le film est vraiment wtf, et le sait donc ça va, il est conscient que c'est pas sérieux, ce qui rend le tout plus digerable. Après pour le coup l'univers est respecté, il y a une vraie connaissance de l'univers, avec pleins de ref qui servent pas à grand chose en soi. Je trouve que l'aspect de construction et de créativité est pas assez mis en avant, pourtant c'est un des sujets du film, on a pas d'aperçu de la ville de Steve c'est dommage. Niveau visuel je trouve que c'est pas mal globalement, c'est pas parfait mais on a connu pire, ça rend assez bien sauf dans certains cas où c'est assez gros. L'histoire tiens sur 1 doigt n'attendez rien de la. Bref un film bien basique auxquels on colle l'étiquette minecraft, ce qui est dommage, mais bon après ça passe, c'est coloré et rigolo, mais bon il sera vite oublié.","3,0"
grotesque et ridicule à tous les niveaux... le pire film de la décennie avec des acteurs totalement indigents...,"0,5"
"vu la bande annonce et les critiques négatives de la part de la communauté Minecraft, ça m'étonnerai qu'il soit bien, franchement j'aurai aimé un film minecraft avec des perso cubiques pas avec des vrais acteurs qu'est ce que c'est nul.","3,0"
"Mon fieul de 7 ans a passé un bon moment, ce n'est pas une claque incroyable, il faut le prendre comme un film pour jeunes enfants.","2,5"
"Pour commencer beaucoup critiquent ce film avec leur regard d'adulte alors  que le publique visé c'est les jeunes voir très jeunes . Donc si l'on part de cette base,  il s'agit d'un bon film pour jeunes avec des effets spéciaux qui tiennent à peu prêt la route , pleins de clins d'œil à  l'univers,  avec des acteurs que l'on aime voir dans ces rôles.  Alors oui , ce n'est pas le film de l'année,  ce n'est pas hyper bien joué,  les effets ne sont pas dignes d'un gros film hollywoodien mais ça fait le taff: ça distrait bien nos ados et plus jeunes . Peut être que les plus déçus devrait tout simplement grandir et abandonner le fait d'être dans des trucs d'ados en tant que adulte .","3,0"
"Les effets spéciaux sont pas si mal dans l’ensemble, même si y a des moments où ça pique un peu.Jack Black porte vraiment tout le film, son humour marche bien et il est à fond comme d’hab.Mais à part ça, y a pas grand-chose à retenir, l’univers est pas super bien exploité et on s’ennuie vite.","2,0"
"Bon, je ne connais rien à l'univers de Minecraft, j'ai jamais joué au jeu, j'ai juste regardé vite fait quelque Let's Play à une époque. Donc je ne pourrais pas vraiment juger le film en tant qu'adaptation pertinente ou non, et je ne pourrais pas non plus me prononcer sur les multiples références au jeu, sans doute amusantes pour une personne jouant au jeu mais pas vraiment accessible aux néophytes.Pour être honnête, ce qui me faisait le plus peur est finalement, ce que j'ai trouvé le plus réussi. C'était très casse-g**le de retranscrire le monde de Minecraft en image de synthèse avec un rendu réaliste, mais finalement, ça rend assez bien. L'univers est riche, assez beau visuellement, facilement compréhensible pour un néophyte, avec une multiplicités de décors assez dingue et le rendu cubique des créatures et objet fonctionne parfaitement. La réalisation est d'ailleurs assez correct et propre ayant de temps à autre, une bonne idée de mise en scène par rapport au monde cubique.Le film a aussi pour mérite d'être globalement divertissant, on ne s'ennuie pas (ce qui le rend déjà supérieur au live action de Blanche-Neige par exemple), les scènes d'action sont surprenament cools et la BO est assez agréable.Mais si sur la forme, le film fonctionne assez bien, le fond est plutôt raté. Déjà, les 5 personnages principaux sont ultra basiques, pas vraiment attachants et n'ont quasi aucune alchimie, ayant entre eux une dynamique des plus clichés. Il n'y a qu'entre Steve et Garett qu'on a une dynamique qui sort vraiment du lot, mais ça vient surtout de l'excellente alchimie entre Jack Black et Jason Momoa. Mais surtout, le groupe des personnages aurait franchement dû se limiter à Steve, Garett et Henry, tant Natalie et Dawn n'apportent rien, malgré le talent d'Emma Myers et Danielle Brooks. Ce qui me dérange, c'est surtout que les interactions entre les personnages sont trop familières alors que certains viennent un peu de se connaître, surtout qu'à un moment, 
spoiler: 
Henry se sent trahi par Garett mais il vient juste de faire sa rencontre le jour même, donc cette dispute paraît méga fake et n'a pas grand sens.
 Sinon le scénario est assez pauvre ! Il s'agit d'une quête au McGuffin assez basique, entrecoupé de péripéties plus ou moins palpitantes et de gags souvent pas très inspiré. Les enjeux personnels des héros sont assez vagues, n'apportent pas grand-chose au scénario global et sont même un peu caduque 
spoiler: 
(par exemple, Steve qui veut sauver Dennis alors qu'on sait en tant que spectateur qu'il est libre).
 Même si le climax est sympatoche, on ne prend jamais les Piglins au sérieux et je pensais sérieusement que le film allait présenter une plus grosse menace avant la fin, mais non.Mais ce qui m'a vraiment gonflé, ce sont les scènes dans le monde réel ! Outre de l'exposition assez longuette pour nous expliquer la situation des personnages, sans que cela soit véritablement intéressant, il y a un côté beaucoup trop… exagéré ! Dans n'importe quel film, il y aurait un contraste entre le monde réel et le monde imaginaire, mais là, le monde réel paraît méga fantaisiste, en particulier concernant les scènes avec Jennifer Coolidge. D'ailleurs, les scènes avec cette dernière sont vraiment du remplissage malaisant et pas drôles. De ce fait, les scènes dans le monde réel m'ont paradoxalement fait totalement sortir du film par leur côté… irréelles !","2,0"
"Encore une adaptation où le gaming passe de vie à trépas en arrivant dans les salles de cinéma.et ici pour faire très simple c'est catastrophique voir complètement nul Les acteurs, Jack Black et Jason Momoa en tête, sont en totale roue libre, ils passent leur temps à hurler et à brailler pendant la durée du métrage qu'ils en deviennent insupportables.On en envie de leur mettre des claques pour que ça s'arrêteLe monde de Minecraft est clairement affreux qu'il ne méritait certainement pas un passage sur grand écran à coup de 150 millions de dollars fournis grassement par Warner Bros.Le studio signe là une des ses pires entreprises car c'est une véritable souffrance pour venir à bout du film. Et pourtant il ne dure que 1h41 mais il est tellement raté qu'on subit purement la séance.Je crois qu'il n'y a rien à sauver et je ne suis même pas sûr que cela plaira aux plus jeunes ou aux adeptes du jeu vidéo.Ça sent clairement le naufrage.","0,5"
"Je connais très très peu l'univers du jeu vidéo donc j'ai regardé comme une aventure familiale lambda et oui c'est pas terrible du tout. Je peux comprendre ceux qui ont aimé pour le côté divertissement, parce que j'ai adoré ce côté là et évidemment je peux comprends ceux qui ont détesté parce que niveau scénario c'est vide, ridicule, prévisible, incohérent. Je suis très bon public mais l'humour est trop gamin et n'est pas assez dosé. Minecraft manque de musiques saisissantes, les personnages n'ont aucune profondeur, des effets spéciaux qui manquent de budget et visuellement, la photographie est catastrophique. Mise à part le casting que j'ai beaucoup aimé et quelques moments de combats appréciés, bah tout le reste est nul et c'est pas une surprise.","2,0"
"Je l'ai regardé uniquement du fait que c'est un énorme succès (malheureusement) et que c'est l'adaptation du jeu vidéo le plus vendu de l'histoire car sur le papier, un long-métrage Minecraft en live-action parait bien moisi et en plus en voyant la bande-annonce est selon moi catastrophique.Au final, ce n'est pas aussi nul que ce à quoi je m'attendais mais ça reste quand même mauvais. En point positive, je mettrais le visuel qui à certain moment c'est vraiment pas mal et je n'ai jamais trouvé u seul instant où c'était vraiment raté. Par contre le plus gros défaut, reste le casting et le comportement des humains, surtout Jason Momoa et Jack Black qui plombent énormément le film en ne faisant que les clowns en permanence et qui je pense sans ça, il aurait pu être un bon divertissement. Le délire du villageois au début qui va dans le monde réel et où lequel aucun humain semble se poser de question le concernant ce qui est totalement illogique.","1,5"
"le film n'est pas nul mais n'est pas incroyable non plus , une histoire aussi nul que ces personnages , mais on ne s'ennuye pas","2,5"
"comme tout le monde j'ai lu les critiques et je ne voulais pas enmener mes enfants 11 ans et 13 ans. mais finalement ils ont voulu aller le voir et c'est pas si mauvais que les notes qu'on trouve. c'est pas le film du siècle mais ça respect l'univers Minecraft et ça se laisse regarder donc si vos enfants ont joué à Minecraft allez y, ils seront content.","3,0"
"Film très cool, même si vachement goofy, le voir en salle était vraiment une expérience surprenante. Des effets visuels magnifiques, quelques blagues plutôt drôle et un public en salle complètement à fond. Ils ne va clairement pas plaire à toutes les générations mais ça n'empêche pas de passer un bon moment devant celui-ci.","4,5"
Beau mais creux ! Trop de blagues à la chaine sans réel intérêt. Le casting est bon mais mal exploité.,"1,0"
"Jouant avec mon fils depuis des années à Minecraft, le film est très amusant, total délire, pleins de refs au,jeu, les acteurs en free-style, allez le voir en posant le cerveau dehors","4,0"
"Note : 3,5/5Alors oui, en voyant les premières images, je me suis dit que ça allait être un désastre. Et pourtant… j’ai passé un super moment !En tant que joueur de Minecraft, j’avais un peu peur qu’on trahisse l’univers du jeu ou que ce soit juste un prétexte à faire n’importe quoi. Finalement, j’ai été agréablement surpris : les effets spéciaux sont réussis, l’univers est respecté, et j’ai retrouvé cette petite magie qu’on ressent en explorant une map inconnue.Les personnages principaux sont attachants (même si honnêtement, les filles et le garçon… j’ai pas trop compris à quoi ils servaient exactement). On sent que le film vise un public jeune, mais les adultes qui ont déjà passé des heures sur le jeu y trouveront aussi leur compte.","3,5"
"Je suis je pense un peu différente des gens qui vont voir le film en général. J'ai juste suivi mon copain qui voulait aller voir ce film sans n'avoir jamais joué à ce jeu. Et honnêtement j'ai passé un super moment. Je n'avais aucun attendu et j'ai été agréablement surprise. C'était drôle, bien dirigé et grave intéressant.","3,5"
"Je ne m'attendais à rien, et j'ai quand même réussi à être déçu. Comment peut-on diffuser de tels navets en 2025 ? Je n'ai pas les mots, tout est mauvais, de la première à la dernière minute. Les réalisateurs auraient pu faire un bel hommage à ce jeu si créatif et cher aux yeux de millions de joueurs (un peu comme Super Mario Bros), mais ils ont préféré tout miser sur l'humour d'une lourdeur abérante et sur des acteurs complètement perdus. J'aurais aimé la mention ""film interdit aux plus de 10 ans"", ça m'aurait éviter de gaspiller 2 heures de mon temps précieux à me farcir cette purge cinématographique.","0,5"
"le film prend beaucoup de liberté avec le jeu, ce qui brise totalement l'immersion, quasiment aucune musique n'est utilisée (pourquoi?) Les acteurs sont au mieux oubliables, au pire insupportables comme Momoa et Jack Black.","0,5"
Franchement je comprends pas il y a des gens qui on critiquer le film alors qu'ils n'étais même pas sorti je trouve ça ridicule de dire que le film vas être nul avant ça sorti. D'autres préférais de la l'animation mais c'est ça c'est pas du cinéma il y à plusieurs youtuber qui font de l'animation sur YouTube alors le mettre au cinéma n'aurait pas d'intérêt alors que là c'est en live action et sa ma l'air drôle.,"5,0"
"Cinématographiquement... c'est pas bien. y a rien qui va dans le scénario, y a des erreurs de logique, ça ne respecte pas entièrement le jeu... mais quand on sait ça, qu'on y va avec des amis, et qu'on le voit juste pour rire et s'en moqué, on passe un très bon moment. l'humour est top et le plus gros point fort du fim pour moi, reste Jack Black.","2,5"
"Ce film est excellent  je le recommande à tous les fans de cinéma et de comédies musicales et de jeux vidéos, chicken  jockey","5,0"
"Mal joué, mal fait, des personnages insupportables et pas attachants avec un scénario des plus mauvais …","0,5"
Je me suis bien marré. Ce film est une petite pépite car on sent que les acteurs se sont bien amusés. Et nous on passe un très bon moment.  C'est rafraîchissant et plein de bonne humeur. Je ne joue pas à minecraft donc je n'ai pas le point de vue de comparaison avec le jeux. Mention spéciale pour jack Black et Jason momoa. Si vous voulez changer d'air n'exitez pas !,"5,0"
"Film en grande partie raté et mauvais - Personnage de Momoa insupportable et pourtant j’apprécie l’acteur- Blagues de bas niveau, aucune n’a réussie- Public visé entre 7 et 11 ans- Côté créatif poussé au début puis totalement abandonné, c’était pourtant le message que semblait vouloir porter ce film","1,5"
"mauvais film, un acting et des effets visuels déplorables. une histoire des plus simples..............","1,5"
"Je ne m’attendais pas à grand chose, mais c’était pire que ça aucune histoire digne de ce nom. Les chansons sont nulles. Je me suis ennuyé du début à la fin.","1,0"
Pas grand chose à retenir de bien dans ce film. On assiste plus à une mauvaise comédie à l'américaine sans histoire et sans créativité dans la mise en scène qu'une réelle insertion dans un univers qui pourrait avoir du potentiel sur grand écran.,"1,5"
"Aucune surprise par rapport à la bande-annonce, on sait ce qu'on va voir : un film d'action familial formaté, exploitant l'univers de Minecraft.Un rythme effréné, de gros effets spéciaux (assez réussis, avouons), mais ça manque cruellement de la poésie propre au jeu vidéo.Pas vraiment à conseiller aux joueurs de la première heure (ceux adultes aujourd'hui), mais plaira aux enfants. J'espère qu'un autre projet plus réfléchi verra le jour.","1,5"
"Un échec total, tellement de possibilités de faire un bon film minecraft mais ils ont pris une direction artistique qui n’a ni queue ni tete, très déçu","1,0"
"Décors magnifiques. Ils ont voulu mettre trop de détails, parler ou faire référence a trop de choses ce qui gâche l'histoire.","2,5"
"Après des années d'attente, l'adaptation du célèbre jeu vidéo ""Minecraft"" est sorti. Film qui me tenait à cœur d'aller le voir tant j'ai joué au jeu durant mon adolescence. Pourtant, les bandes-annonces ne m'ont pas convaincus, et le film était encore pire... Il y avait plein d'aspects et de façons de faire à exploiter avec cet univers, finalement tout ce dont on a eu le droit c'est une parodie de Jumanji. Un scénario totalement claqué (mais pour un long-métrage qui ne se prend pas au sérieux cela paraît logique), un film qui essaie d'être drôle mais qui en devient presque gênant, des personnages inintéressants. Cette production a juste permis à Jack Black et Jason Momoa de se lâcher, et a tenté de viser un public familial, mais franchement je pense que même dans ce domaine le film reste très limité. Déçu que Minecraft aux yeux des producteurs n'ait pas été pris au sérieux et a simplement été une opportunité de faire de l'humour très enfantin, je vois cela comme un manque de respect pour la licence et pour nous. Quand tu vois que même le jeu vidéo (pourtant destiné aux enfants) ""Minecraft : Story Mode"" mieux fait avec une histoire bien plus prenante et des personnages plus attachants, c'est dire le niveau de ce film...","1,0"
"Je ne connais Minecraft que par le fait que mon fils ainé, qui a aujourd'hui 20 ans, y a longuement joué lorsqu'il était un peu plus jeune. Mais j'avoue ne jamais avoir vraiment compris l'intérêt du jeu (chacun ses goûts). Là, nous sommes allé voir le film à trois, mon fils, ma fille cadette de 11 ans et moi-même donc. Et là, quelle déception. Autant je ne m'attendais pas à grand chose d'un jeu vidéo minimaliste adapté au cinéma, mais c'est d'une faiblesse d'écriture. Les personnages sont peu développés, les dialogues sont simplistes voire nullissimes, les effets spéciaux sont peu convaincants. Même Jack Black que j'aime beaucoup semble en faire des tonnes pour essayer de sauver les meubles. C'est convenu, sans surprise aucune et un peu longuet au final. Seule ma fille a vraiment aimé et je pense que c'est là, le cœur de cible de ce genre de production. Donc à titre personnel ainsi que de l'avis de mon fils, nous n'avons pas du tout aimé, mais cela devrait plaire à un public plus jeune.","1,5"
"Je connaissais le jeu vidéo par mon fils qui comme beaucoup d'enfant de cette génération en sont fan, ce que j'avais du mal à comprendre au vu des graphismes! Mais les quelques références que je connaissais sont bien présentes dans ce film, avec des graphismes visuellement réussi. On a passé un super moment en famille, si le scénario n'est peut-être pas ""dingue"", l'e divertissement est là, la musique, l'ambiance, ... N'en déplaise aux haters, je me hâte de le revoir à la maison","4,5"
vide sans intérêt même pour les adeptes du jeu .a mourir d'ennui à croire qu'une ia a écrit le film.,"1,0"
"Film familial correct, pas fou mais sympa pour les enfants. Mon fils de 6 ans a passé un bon moment.","2,5"
"Comédie axée pour les enfants, plutôt sympa même si on n'est pas dans du grand cinéma, on passe un bon moment.","3,0"
"franchement mes enfants ont beaucoup apprécié. on n a bien rit, c'est l'essentiel.  Les effets spéciaux mon bien plus. histoire on oublie mais j'ai aimé les personnages les ports, mm ,m ( les monosourcils ).","3,5"
"Honnêtement, du bon divertissement,   la note moyenne est vraiment abusée.  Les acteurs sont plutôt bien choisi, (mais pourquoi mettre un gamin comme héros ???), on sourit et on rit  même deux ou trois fois à gorge déployée. La barrière des vrais acteurs dans un faux décor est difficile à franchir mais on ne peut pas leur reprocher d'avoir fait leur possible. Parti avec un a priori très négatif, je ressors quand même le sourire aux lèvres, le pari est plutôt réussi !","3,5"
"une insulte au jeu vidéo , les dialogues on dirait des enfants qui parlent entre eux, les vannes et les jeux de mots sont pas drôle. un frisson de gêne tous le long du film,un film juste marketing qui montre rien de la créativité et de ce que propose le jeu.","0,5"
"C'était pitoyable, un doigt d'honneur à tout ce qui a fait notre enfance. Même le fan service était misérable. Très clairement à la hauteur des attentes :)","1,0"
le scénarii du film est moyen au debut du film pendant l’arrivé des heros et a la fin du film. il y avait pas mal de gag sur le mot  porc par la reine piglin par rapport à la bouffe.  L’OST  accompagnant le film était énergique  et puissante à chaque moment du film.   L’action se passe principalement sur la surface dans le monde de Minecraft.   a la fin du film les héros du film ont créés un jeu video ma pour résumé le film était cool  plutôt dans l’aventure sur minecraft et l’OST. Pas mal d’action et de gag.,"2,5"
"Difficile de critiquer ce film, je vais donc faire simple: divertissant sur la forme, vide sur le fond, le scénario tient sur un timbre poste, les situations s'enchaînent sans véritable cohérence ou logique. Cependant les easter egg, les name drop sont assez généreux et visuellement c'est ok tier, on ne passe pas le meilleur moment de notre vie mais ce n'est pas horrible non plus.","3,0"
"Alors, perso je m'attendais à un navet absolu et j'y allais pour accompagner. Au final ma foi, j'ai vu pas mal d'adaptations dans ma vie dont les tristement célèbres Double Dragon et Super Mario Bros dans les années 90, en comparaison ce Minecraft ne s'en tire pas trop mal dans son registre. Le scénario est classique pour un jeu vidéo ou son adaptation. Les acteurs font le job, dommage pour la coupe cheveux de Jason Momoa par contre, pour les moments où Jack Black chante, la VF plombe clairement la prestation comme d'habitude en VF, il suffit d'avoir vu une ou deux vidéos du jeu pour capter les références, humour sympa sans lourdeur pipi-caca trop souvent utilisés dans ce type de film, un divertissement sympa car une bonne surprise.A noter que je n'ai jamais joué au jeu qui ne m'attire pas du tout et je le connais vaguement via des vidéos de gameplay. Pour ceux qui s'attendaient à voir du grand cinéma en se payant une place pour Minecraft, je pense qu'ils n'ont juste rien compris au sujet.","3,0"
"Avis plutôt négatif concernant ce film. Je suis allée de voir par simple curiosité sachant pertinemment que je n'allais pas voir un chef-d'œuvre. Malgré le casting 5 étoiles du film, il ne m'a guère convaincu. Le scénario étant délaisser, malgré des effets graphiques plutôt corret. Pour ce qui est de la ressemblance avec le jeu vidéo cela fonctionne plutôt bien malgré certaines créatures, objet qui n'existe absolument pas dans le jeu et dont le film aurait bien pu se passer. 
spoiler: 
Dans le film, on y fait un parallèle entre notre monde et celui de Minecraft, un peu à Jumanji 
 pour conclure, je ne recommande pas particulièrement ce film à part si vous êtes en fan de Minecraft et que vous voulez vous faire votre propre avis. Le film étant très enfantin il est parfait pour une catégorie d'âge de 8-10 ans","2,5"
j'ai passé un super bon moment avec mes enfants devant le film (5 et 8 ans). L'histoire est basique faut pas s'attendre au scénario de l'année un cube magique un monde magique et faut sauver le monde du vilain  méchant.,"3,5"
"Quand j'ai appris qu'un film Minecraft était en préparation, je me suis vraiment demandé ""c'est vraiment une bonne idée ?... Maintenant, c'est évident : c'était une énorme erreur. Quelques scènes sont marrantes mais ça se compte sur le bout des doigts, ils essaient de faire de l'humour mais ça marche pas, seul les enfants rigolent à ça.Un Jack Black qui parle comme un gogol, probablement pour faire réagir l'audience (on les a vus les cinémas qui prennent du popcorn dans l'écran mdr) et pour créer un buzz qu'il soit bon ou mauvais.Triste de voir que des compagnies et des acteurs qui ne connaissent rien au jeu ont fait un film pareil ; à l'image de Borderlands, ce film ne respecte ni le jeu, ni la communauté (le seul truc qu'ils ont fait à ce propos c'est l'apparition de Technoblade en 3 secondes (never dies)).Reprendre des éléments de Minecraft Legends, qui a été un bide du jeu vidéo, en le mélangeant à peu près à tous les jeux Minecraft, ça donne un film qui ressemble à une quête écrite par un joueur de 5 ans qui ne connaît pas le fond du jeu. Les effets spéciaux sont corrects, je les trouve même jolis.De toute façon, c'est destiné aux enfants de moins de 10-12 ans. Bref, vous aurez compris que ce film a essayé d'être bien et a échoué, probablement à cause de l'argent. et je préfère largement Borderlands qui pourtant n'a lui même pas respecté l'histoire du jeu.","2,5"
"Il n'y a pas grand chose à dire, le film fait le taff il est drôle quand i lfaut, le monde de minecraft est bien retranscrit avec de bonnes références et même si le scénario est moyen, c'est pas le but premier du film","3,0"
"spoiler: 
À part retrouver graphiquement et visuellement l'univers Minecraft, le film ne rend pas bien honneur au jeu vidéo. Un montage douteux, un scénario raté et un humour qui sort par le nez...","1,0"
"bête mais drôle, si vous pouvez poser votre cerveau il est bien mais le scénario est plein de facilité et la 3D perturbante","3,0"
"Un film TRES MAUVAIS... il a beau avoir des bonnes idées c'est pour systématiquement se rater à coté. Quand il tente de faire de l'humour ce n'est pas drôle au mieux gênant (les blagues incessantes sur les cochons tout le long du film pfff...), quand il tente de faire de la comédie musical ce n'est pas exploiter (sans parler qu'en VF c'est inaudible), quand il tente de faire des référence au jeu ça se remarque très vite que ce film a été fait par des personnes qui ne connaissent même pas ce jeu (""steve"" qui fait des réplique très bizarres juste pour dire ""hé regarde c'est le truc que tu connais ça non ?""), quand il tente de créer de l'attachement envers ses personnages il le rate et on y croite absolument pas (sans parler des 2femmes qui ne servent à rien dans le film...), quand il tente de faire de la tension on y croit pas. Au moins on ne peut pas nier qu'il ont l'aire d'assumer cette DA même si pas très belle et ne respectant absolument pas l'œuvre originale (ce serait bête que ce soit une adaptation de cette dite œuvre), les objet venant du jeu ressemble plus a des jouets en plastiques que de vrais outils ou armures (la seule fois ou j'ai ris durant les 1h 41min est quand on voit l'armure en diamant de ""steve"").bref un tres mauvais film en lui même et une très mauvaise adaptation d'un jeu fait juste pour l'argent...remboursez moi mes 10€ !","0,5"
"Pour moi, le film de Minecraft est magnifique l’image originale. Cependant,Les acteurs ont moyen des paroles dans l’histoire. J’espère que Minecraft 2 aura le plus extraordinaire !","2,5"
"Un film très bon , de l'humour et de l'action !!! Très bonne surprise pour ma part. Un film à voir en famille.","5,0"
C’est un film bien. Je le trouve fidèle au jeu original. J’ai bien reconnu des mobs du jeu ce qui est franchement sympa. Et il y a même des lieux présent dans le jeu. J’ai trouvé ce film bien et je le trouve réussi pour ma part.,"4,5"
"Catastrophique de bout en bout j'adore Emma Myers, mais la c'est honteux. J'espère pour qu'elle choisira de bonne production quitte à avoir un moins gros cachet à l'avenir que jouer des daubes. Jack Black et Momoa j'en parle pas.","0,5"
Bonne interprétation du jeu avec des belles touches humoristiques de la part Jack Black.,"3,0"
"Passez votre chemin si vous êtes pas un enfant de 3 à 5 ans. Le scénario est décousu, les images mauvaises, l'antagoniste ridicule, les héros ridicules...bref un navet.Les jeunes enfants n'ayant de gout que pour les effets visuels et les actions ridicules marrantes à leurs ages pourront apprécier...mais pour les autres aucun intérêt.Dommage il y avait de quoi faire un film sympa avec cette franchise. Comment un scénario et des dialogues de ce niveau ont pu voir le jour ? ...il faut vraiment être à la masse pour valider ça.","0,5"
C'est tout simplement un pur Divertissement. Jason Momoa est vraiment ringard et il le joue bien.On pose son cerveau à l'entrée et on le reprends à la sortie. Si vous voulez passez un bon moment sans connaître vraiment le jeu vidéo et sans vous prendre la tête .Allez y.,"4,0"
"Film très agréable !Les blagues tout au long du film sont vraiment drôles.Le film dure 1h41,C’est un film original : il y a des personnages en forme de cube ! J’ai été assez surpris par le style visuel, entièrement basé sur des cubes. Tout est cubique ! J’en ai compté au moins… 8000 (à peu près),Ça m’a beaucoup fait penser à un jeu vidéo, peut-être Roblox ? 樂Et si ça n’existe pas encore, il faut l’inventer tout de suite !Franchement, je ne comprends pas les critiques négatives… Vous avez juste trop la rage","5,0"
"Mis en contexte : je suis un joueur Minecraft depuis plus de 10 ans j'aime beaucoup le jeu.J'ai vue le film hier (Jeudi 3 avril) j'ai rapidement regarder les avis qui étais pas aussi horrible que ça, je me suis dit ""oh pourquoi pas aller le voir qu'elle erreur j'aurais vachement préféré le voir dans mon canapé c'est un film comparable a un téléfilm TF1, il manque de réel histoire certes le monde est bien fait les détail sont bien retranscrit les référence a des youtubeur Minecraft sont sympa.Mais c'est clairement un film qui manque d'histoire, on est facilement perdu, les acteur bien que bon dans d'autres film sont horriblement nul dans celui ci (Jason Momoa est juste horrible le rôle ne lui va pas du tout quand on connais sont historique de film), l'humour est trop présent et trop enfantin par moment j'ai vraiment eu l'impression de mettre trompe d'âge pour aller voir un film comme ça.Pour finir je pense que je ne suis pas la cible, il on voulu chercher des enfants mais en attirant les adultes qui joue au jeu et c'est raté, il convient parfaitement a la tranche d'âge 7-13 ans mais vraiment pas plus et encore a certain moment les blague un peu limite arrive.Attendre la VOD et ne gâcher pas votre argent et votre temps serait le mieux.","1,0"
"c est carrement naze, si il marche c est grace au fan du jeux, en vrai il aurrait flopper comme blanche neige","0,5"
"Lorsque j'ai vu les trailers je me suis dit ""ok, pourquoi pas"". Mais j'avais cette impression, une impression comme quoi le film ne serait pas vraiment terrible. Dans les trailers, j'ai bien aimé les effets qu'ils ont utilisé mais certains jeux d'acteur semblaient bizarre, notamment de la part de Jack Black (acteur que j'adore d'ailleurs). Bref j'ai décidé d'aller voir le film même si il me semblait nul...j'aurais pas dû.Tout d'abord il y a plusieurs choses qui sont bien dans le film, je vais pas faire l'aigri non plus. Les décors sont vraiment bien faits et l'association personnages du monde réel et le monde de Minecraft est réussi. Aussi étant un fan de Minecraft depuis longtemps j'ai bien aimé l'hommage à Technoblade qu'ils ont fait.Maintenant passons au négatif... déjà l'introduction est trop longue. Le film s'appelle Minecraft et on attend 45 min pour que nos héros se retrouvent dans le monde de Minecraft...45 min... c'est plus d'un tiers du film. Ensuite le développement des personnages est presque inexistant, presque tous ont des problèmes d'argent, je comprend pas l'intérêt. D'ailleurs on se dit qu'avec un film Minecraft on aura des méchants...de Minecraft...bah non. Le méchant est une sorcière cochon qui vient d'une autre dimension, le Nether. Pas de Wither, pas d'Ender Dragon comme dans le jeu. Il y a des outils qui n'existent pas dans le jeu...bref trop de libertés ont été prises je pense.Aussi juste le combat final,
spoiler: 
 la bataille de golems et juste mal faite, l'""animation"" est top bizarre.
Le plus gros point noir du film c'est vraiment le scénario,
spoiler: 
 un enfant aime la mine, il peut pas y aller car un vieux grincheux l'en empêche. Une fois adulte il a un travail où il vend des poignées de portes, quoi ??? Il mange son repas avec de la purée dedans et d'un coup, une illumination...il met les mains dans la purée et fait une sculpture avec, une mine... Et là il veut y retourner et il passe, trouve un cube bleu qui ressemble au tesseract et ouvre un portail vers ""la surface"" (Minecraft quoi)
. Ca c'est l'histoire de Steve, le perso principal. Je vais pas non plus expliquer tout le film mais le reste du film c'est : trouver un autre cube pour rentrer dans le monde réel 
spoiler: 
car un des héros a cassé l'autre cube
 et il y a la méchante sorcière qui veut le cube pour dominer le monde. Nos héros le trouve puis le perd à cause de la sorcière, faut le récupérer blablabla. Scénario très enfantin (après le film est de base enfantin) mais surtout trop facile quoi, aucune vraie intrigue. Ils essayent tant bien que mal à créer de la tension mais juste ça crée des espèces de quêtes secondaires qui ne servent à rien genre par exemple 
spoiler: 
Gareth qui a des problèmes d'argent demande à Steve de l'amener dans une mine de diamants pour en récupérer mais une fois là bas, un gros cochon débarquent et ils fuient. Cette scène n'a donc servie à rien, pour les personnages et pour l'intrigue.
 Il y a aussi des moments où le scénario est trop prévisible, 
spoiler: 
la ""mort"" de Gareth, ça se voit qu'il va revenir...ET IL REVIENT.
 Certains diront que c'est normal c'est pour les enfants, mais pour un film qui a eu le droit à des collabs, de nombreuses pubs partout et beaucoup de trailers et de teaser c'est limite, ça aurait dû être pour tout le monde, petits, grands et fans du jeu.Bref je pourrais encore continuer mais je vais en rester là, si vous vous demandez si le film vaut le détour...la réponse est non, l'un des pires films mais je monte la note pour le risque pris dans le design et l'hommage à Technoblade.","2,0"
"c'est tres sympa, je n'en attendais pas beaucoup vu les critiques mais j'ai été agréablemment surpris .","3,5"
"Très mauvaise adaptation, les acteurs jouent mal et le scénario est vraiment absent de ce filmRien ne va dans ce film","0,5"
Vu avec mes enfants qui ont apprécié (ils ont 6 et 10 ans). J’ai somnolé un quart d’heure. Jack Black et Jason Momoa essaient d’y croire sincèrement mais le peu d’enjeux rend difficilement digeste l’ensemble. Ce n’est pas le pire blockbuster du monde et a le mérite d’être bon enfant mais on est très loin des films des années 80 auquel le film voudrait ressembler (Les goonies ou SOS Fantômes).,"2,5"
"Le film est pas mal au niveau des effets spéciaux, même si la 3D ne le rend vraiment pas trop beau. Jack Black et Jason Momoa sauvent en tout cas le manque d'une histoire pas trop bien développée par leur duo génial et hyperactif. Mais si l'on doit être réalistes, c'est assez clair que le film n'est pas là pour impressionner mais pour nous faire passer un bon temps.","2,5"
Franchement c'est top pour les enfants pas d'armes à feu pas de sang franchement top pour les enfants   et sa représente bien le jeu,"5,0"
"Honnêtement je suis juste aller voir le film pour les blagues. Les effets spéciaux je sais pas comment dire, l'histoire m'a pas vraiment intéressé, mais pas si terrible que sa.","2,5"
"Je ne parviens pas à concevoir que ce film puisse être apprécié. En tant que grand fan comme beaucoup du jeu, je ne pouvais passer à côté du film malgré sa bande annonce qui ne prévoyait rien de bon... Ce film a réalisé l'exploit de me faire me demander ce que je faisais là dès les 5 premières minutes tant son scénario est catastrophique. Les blagues sont lourdes, les références au jeu abusées jusqu'à en être génantes, les personnages absolument pas attachants, et la goutte d'eau: les liberté prises sur l'univers avec des éléments qui n'y figurent absolument pas comme les bottes de célérité ou la capacité des endermans à hypnotiser la cible.Il n'y a pas de liberté à prendre. Une adaptation est faite pour être fidèle, les libertés prises font d'autant plus penser que le réalisateur ne connaît de Minecraft que le nom et a simplement voulu voguer sur le succès du jeu, ce qui explique par ailleurs pourquoi le scénario est des plus bâclés. Je ne peux que vous recommander de passer votre chemin, je n'ai sans aucun doute jamais autant regretté et été frustréé de voir un film que celui-ci, tant son potentiel était grand mais noyés par des producteurs avides de fric.","0,5"
"L'histoire est bête, mais, heureusement, pas importante. Les personnages sont plutôt agréables et amusants. Si votre enfant vous incite à voir ce film, vous ne passerez pas un très mauvais moment.","3,0"
"Nous avons passé un bon moment (28 ans) devant Minecraft, Le Film. L'animation est bien réalisée, et fidèle au jeu.Je pense que ce film est surtout à destination des joueurs, car les références sont introduites sans expliquer le contexte. Nous ne regrettons pas d'y être allés sans avoir vu les avis. Ce film ne marquera sûrement pas l'histoire, mais nous a rappelé qu'une dose de nostalgie ne fait jamais de mal ...","3,5"
"Ce film n’est pas à prendre au sérieux. Moi j’ai beaucoup aimé le film. Les références étaient tous bien placé 
spoiler: 
(dont un avec Technoblade, célèbre joueur aujourd’hui disparu)
 il
spoiler: 
 
faut prendre ce film au deuxième degré","5,0"
"Le film Minecraft est une véritable réussite qui capture parfaitement l'esprit du jeu. Voir l'univers prendre vie sur grand écran m'a instantanément rendu nostalgique de mes innombrables heures passées à miner, construire et explorer avec mes amis. C'est un voyage touchant et plein d'aventure qui ravivera la flamme de tous ceux qui ont un jour posé un bloc ! Un film fidèle et divertissant.","4,0"
"Très bon film familial les enfants ont adoré . On ne s'ennuie pas une seconde , les effets spéciaux sont cool , très bon casting Jason momoa et jack black sont excellents, le seul point faible est que le début et l'introduction au monde de Minecraft est pas assez exploiter et cela va trop vite .","4,5"
"Si je mets mes connaissances Infini du jeu de côté, je trouve que c'est un bon film, pour les enfants certe, mais bon quand même. Maintenant, si je vois ce film avec l'oeil du joueur que je suis, c'est un mauvais film, avec beaucoup de faux raccords, un vrai joueurs les remarqueras au premier coup d'œil. J'aimerais ajouter que j'ai adoré la référence à la légende de YouTube Technoblade malheureusement décédé à ce jour. Je tiens aussi à féliciter tous les gens qui ont travaillé dessus car cela n'a sans doute pas été facile, la 3D était incroyable, j'ai vraiment aimé.","2,5"
"Histoire classique du vu et revu. L’univers est vraiment bien, mais les blagues très lourdes tout au long du film et les « méchants » font que la crédibilité du récit en prend un coup","2,5"
"c est dommage que le film soit si mauvais, l histoire aurait pu être meilleur avec un autre scénario","2,5"
Minecraft est avant tout un film fun et décomplexé. Le but est avant tout de ne pas se prendre la tête et de passer un bon moment devant cette histoire complètement loufoque. c'est très loin d'être un chef d'œuvre mais c'est cool et c'est ce qu'on attend de ce film.,"3,5"
"Alors, je suis allé voir ce film pour mes deux enfants d'une dizaine d'années. Ils sont fan du jeu alors que moi je déteste.Et bien, j'ai trouvé que c'était une bonne surprise. Bien sûr que le scénario n'est pas digne d'un oscar. Mais on s'en fou un peu quand on va voir ce genre de film. On s'attend a du fan service et on en a. Les arteurs jouent le ridicule a fond et ça fontionne.Et puis au fond, mes gamins ont kiffé alors c'est le principal.","4,0"
"Film interressant, original, ça parle de Espace temps, avec des acteurs internationaux et qui jouent bien","4,0"
"Film enfantins , quelques mention du jeux mais le jeux des acteurs est mauvais , avec des décors  pas ouf","2,0"
"incroyable, très intéressant pour les connaisseurs et les joueurs du film. j'espère avoir une suite","5,0"
"Bon bah... pour une fois je suis rleativement d'accord avec la plèbe. Malgré l'immense respect que j'ai pour Jack Black... mais qu'est ce que tu fous là-dedans mec?? J'ai grandi avec le jeu que j'apprécie beaucoup, mais la CGI aie aie aie que ça fait mal. Une pléthore de blagues toutes aussi vaseuses les unes que les autres.Y'a quasiment rien à sauver, mais on s'y attendait, un film pour les innocents petits enfants, mais un calvaire sans nom pour les accompagnants.","1,0"
"J'attendais ce film depuis les rumeurs qui ont commencé en 2018. Je suis très déçu. Minecraft a été un jeu qui a accompagné des millions de jeunes enfants et adolescents dans le monde, on méritait mieux. J'aurais préféré un film d'animation avec une histoire moins linéaire. Voici le scénario que j'aurais apporté : ce serait celui d'un Steve éduqué par des villageois, se sentant très seul, qui décide d'entamer une survie très difficile dans le but de rejoindre un serveur légendaire (donc peut-être inexistant) avec plein de gens comme lui.Car au final, on a tous commencé en survie et ensuite on a fini dans des serveurs communautaire","1,0"
"Je trouve personnellement que le film n'est pas si mauvais que ça. Je suis d'accord sur le fait qu'il n'est pas parfait. Il manque beaucoup de détails comparer au jeu, tels que : l'aspect créatif et la sensation d'exploration et de liberté, le mention des autres biomes de la surface ou du nether ou même de l'ender ou d'autre details dans le genre. La 3D est passable, le film va un peu trop vite et ne présente aucune morale. J'admet aussi que le personnage de Dawn manque un petit peu d'utilité puisque on ne connais pas son background, elle est juste là pour être là. Je suis rester gêné par rapport aux scènes avec le villageois et la directrice qui m'a fait lâcher des rires nerveux du à leur relation. Le combat finale entre Steve et les autres contre Malgosha et son armée de Piglins n'est pas très impactant que je l'imaginais. C'est presque au même niveau que Avengers : Endgame même à petit budget (et pourtant le combat finale dans Avengers : Endgame était plus spéctaculaire). Et puis l'hommage à Technoblade m'a laissé indifférent. Enfin quoi qu'il en soit je vois que le film essai de toucher la communauté des gamer, mais pour le coup je pense sincèrement que le film touche plus un publique jeune plutôt qu'un publique adulte Perso j'ai trouver le film assez sympa, je vois qu'est-ce qu'il a voulu nous monter, mais il ne m'a pas tant impacter que ça. 
spoiler: 
Une chose est sûr, c'est que le film reste quand même un peu mieux que Blanche Neige.","3,0"
"Plusieurs moment drôle, l'univers est à moitié respecter, et pas asser exploiter, film goal: Fortnite, Roblox, Blox fruit et rock league 
spoiler: 
je rigole bien sûr","2,5"
"Coloré, rafraîchissant, j'ai fais un retour dans le passé, à l'époque où, gamine jusqu'à mon adolescence je jouais à Minecraft, et j'en ai eu des papillons dans le ventre.Très bien adapté, fidèle au jeu, on retrouve toutes nos références préférées, condensées dans une histoire reprise pour créer l'histoire de Steve, ce protagoniste si célèbre et si inconnu à la fois, avec des acteurs géniaux. Tout le scénario reste cohérent de A à Z. Dans la salle, le public riait, petits et grands, et le film à même eu le droit à une salve d'applaudissements lors du générique. Grandiose !Mon âme d'enfant a été comblé de bonheur et de nostalgie ❤️","5,0"
"Films pour la famille. Drôle certes, et très bête de l'autre côté. Pour les fannes du jeux vidéo ce ne sera pas le meilleur moment de leur vie. Mais qui soulève des références qui sont drôles et folles à la fois.","2,0"
"Je trouve les critiques un peu hard pour ce film.ce n'est pas un film qui prétend donner un éclairage sur notre société.C'est un divertissement et il fait le job, j'ai bien rit.Ok l'histoire est amenée en boitant et avec de gros fils mais c'est pour se concentrer sur l'aventure elle même. Pour le côté puriste minecraft, j'étais avec mon spécialiste maison, mon fils qui a trouvé des problèmes au niveau fonctionnement de certaine choses comme les explosions mais il s'est fendu la poire.Objectif atteint","3,5"
"Film assez banal, rien d’exceptionnel au niveau du scénario, mais ça se regarde de toute manière facile.","2,5"
"Passionné par le jeu vidéo j'ai trouvé le film extrêmement décevant. Ils arrivent à mettre dans le film pleins de choses qu'il n'y a pas dans le jeu. Le jeu d'acteur est drôle tellement qu'il est mauvais, les acteurs sont humiliés de par leurs tenues et leurs répliques. Les graphismes ne ressemble en rien à ceux du jeu original. En bref, ce film était décevant (il fallait s'y attendre au vu du trailer).","0,5"
"J'ai d'abord été averti des premiers retours des critiques à propos du film. Puis je suis allé le voir avec 3 ami(e)s. Nous avons passé un super bon moment. Aller voir ce film en mode premier degré, c'est ne pas avoir vu son trailer. Se plaindre de choses qui ne sont pas dans le jeu, par exemples sur les golems, c'est ne pas laisser l'esprit déjanté du film s'exprimer, et jouer au vieux sachant alors que les nouvelles générations ne connaîtront pas le Minecraft que nous avons connu en 2010. Je vous le recommande comme un film à voir en famille pour bien se marrer.","5,0"
"Le film est pas mal mais pas extraordinaire, des bon moment de plaisanterie. L’histoire est un peu tirée par la tête","2,5"
"C’est un bon film drôle avec de bons acteurs, mais j’ai été déçue par le manque de respect aux jeux initial.","3,0"
"Le film était presque parfait… entre les beaux décors, les chansons, les références, chacun a un moment s’est retrouvé à faire un mouvement, un bâtiment, un item qu’il avait déjà fait au paravent… c’était la nostalgie qui parlait, il retraçait notre enfance en commençant par une maison en dirt, puis par une ferme à creeper, une petite maison dans un village PNJ et en finissant par un combat de boss full diamant… Sans parler du nether qui est magnifiquement représenté avec de belles couleurs rouges accentués par les effets de braises représentant la chaleur…Au niveau des personnages, on y retrouves l’humour, le sérieux, l’action, et les effets de surprises ( on a tous était surpris lors de notre première ender pearl lancée ) un miroir reflétant notre histoire passée sur Minecraft… Le 0,5 que j’enlève à la note sur 5 est principalement due au fait qu’on ne voit pas tout dans le film, ce qui est normal, comment retracer un jeu qui cumule le plus d’heures jouées dans l’histoire des jeux vidéos en seulement 1h41 ?","4,5"
WAW QUELLE CLAQUE Je sors de la projection et qu'elle masterclass ce film. Les références au jeux sont super bien amener le chois des acteurs sont parfait et ne parlons pas du jeux d'acteur qui détrône tout simplement la plupart des grand acteurs comme di caprio ou encore de niro. Le visuel est dingue. Je pense honnêtement que ce film est le film a voir en 2025 et qu'il peut facilement surclassé la plupart des films de Tarantino ou Nolan !,"5,0"
"La première demie heure est plutôt sympathique, mais la suite tourne vite en rond. Heureusement que ce n'est pas trop long.","2,0"
"J'ai bien aimé le film personnellement, même si effectivement certains effets n'étaient pas incroyables et il y avait quelques défauts.. Au fait, la référence à Technoblade m'a fait sourire et je ne pense pas être la seule.  (la légende ne meurt jamais..)","3,5"
"Assez surpris, je m’attendais à une adaptation ratée mais au final le film reste assez drôle et divertissant c’est ce que je demandais pour un film comme celui ci","3,5"
"Les graphismes ""réalistes"" sont biens réussis. Mais j'ai bien peur que la prod ait oublié le scénario chez elle. Y'avait du potentiel mais il n'a pas été saisi.","1,5"
"C'était nul. Point. J'ai juste pas aimé (le seul truc cool c'était la référence à technoblade) sinon franchement on dirait vraiment du brainrot. J'avais mal à la tête a la fin de la séance a cause de toutes ces miserable ""chansons""... j’ai vraiment pris un doliprane quand je suis rentré chez moi a l’aide...","0,5"
"Au-delà d'être plutôt laid, c'est le vide absolu niveau scénario et caractérisation des personnages. En plus Jennifer Coolidge, l'un des seuls points positifs du film, a juste trois pauvres scènes d'une minute à peine.","1,0"
Mes filles on adorées ce film . Moi je l’ai trouvé bien . Pas trop long ni trop court . Cela fait une petite sortie en famille,"4,0"
"Je suis conscient que je ne suis pas le public cible et avant d’aller le voir je défendais le film pour ce point qui est essentiel à prendre en compte : ce n’est pas un film pour adulte.Cependant, je dois avouer que même pour un enfant ce n’est pas un film que je recommande à aller voir au cinéma. Si il sort sur Netflix, pourquoi pas, mais au cinéma et dépenser de l’argent pour la place du film, non merci. Je regrette un peu les 25€ que j’ai dépensé…","1,0"
"Ce film est une catastrophe.Les graphismes sont certes magnifique, mais aujourd'hui cela ne suffit plus. Steve passe vingt minutes du film à expliquer au public les mécaniques du jeu. Tout les gags, toutes les intrigues, toutes les situations sont prévisibles à des kilomètres. Les clichés et les gags lourdingues de tout le cinéma sont réunis dans cet horrible film. L'univers de Minecraft est, comme le dit Steve, "" infini, sans limite"", ce qui aurait dû donné un film digne des attentes de la communauté.","1,0"
Un scénario banal mais prenant pour les joueurs qui se feront un plaisir de retrouver des références tournées à la comédie,"3,5"
"J’y suis allé pour que vous n’ayez pas à y aller. C’est pas un bon film. L’histoire et le jeux des activeur sont vraiment éclatés c’est terrible. En point positif: c’est à peut près jolie, y a 2/3 blagues cool (parfois on rigole plus des personnages que avec…) et le message de fin est proute-proute mais cool. C’est pas une purge donc mais vraiment je recommande pas.","2,0"
"En tant que fan de Minecraft depuis bien des années, avoir un film basé sur ce jeu vidéo phénomène m'avait ravi. Je suis allé le voir avec plus de curiosité qu'autre chose, n'empêche. C'est vrai que je m'attendais à beaucoup plus que ce qui a été proposé, le film globalement est plutôt bien fait niveau 3D, mais sinon il est très enfantin et le scénario est poussif. 
spoiler: 
Toute une histoire pendant une heure pour juste un cube bleu c'est bien sympa 5 minutes, mais après c'est un petit peu long selon moi, même si il y avait 2-3 scènes un peu marrantes, mais sans plus. 

spoiler: 
J'aurais adoré voir l'Ender avec son dragon iconique, mais soit... La mention d'Alex et du youtubeur Technoblade était franchement bien malgré tout, mais sinon rien d'autre de bien intéressant à rajouter. 
 Beaucoup de trucs inventés qui n'existent pas dans le jeu original, c'est un peu perturbant mais bon... Si on fait abstraction de ça c'est quand-même un film qu'on peut regarder pour passer un bon moment sans se prendre la tête vu que c'est extrêmement enfantin, mais c'est vrai que quand tu es fan de Minecraft depuis des années et que tu es adulte, c'est vraiment limite et aurait pû être largement meilleur. Bref. En gros à aller voir pour faire son opinion, je le recommande surtout si on est fan, mais après faut juste garder en tête que c'est pas un film sérieux du tout.","3,0"
La vielle formule du film qui veut être drôle et qui essaye au maximum de divertir les spectateurs sans vraiment réussir. C'est un Jumanji version Minecraft.,"1,5"
"""Minecraft, le film"" est un film qu'il faut aller voir tranquille, je viens de sortir du cinéma et ça m'a plutôt plû. Le fait que ce métrage soit en live-action ne m'a pas dérangé mais au contraire, j'ai trouvé que cela changait par rapport au animation qu'on peut trouver sur internet par des fans. Fan que je suis d'ailleurs, du jeu cubique, ayant joué des dizaines et des dizaines d'heures à Minecraft. L'humour du film était tantôt fade, tantôt vraiment bien, notamment avec le duo Jack Black et Jason Momoa qui a pû me faire rire durant la projection. L'histoire, quant à elle, c'est fait complètement fondre par la lave de Steve, car aucune surprise ni saveur pour la narration ici. Selon moi, ""A Minecraft Movie"" n'était ni nul ni incroyable, mais cela fera probablement découvrir ce jeu, qu'est Minecraft, à un enfant qui à son tour pourra créer sa Surface.","3,0"
"En tant que parent, j'ai perdu au shifoumi et donc j'ai accompagné mon fils, fan du jeu, voir Minecraft. Et franchement je l'ai pas regretté car mon fils a passé un bon moment...et moi aussi. Alors pourquoi je crache pas sur ce film comme la plupart des autres commentateurs? Je vous explique pourquoi: Minecraft, c'est un film de divertissement avec 2 acteurs ""tronches"" pseudo-comiques dans un univers de jeu de briques connu, accompagné de 2 ados lambda, d'1 loup cubique et d'1 sidekick ethnique pour éviter les foudres des 'minorités'. Dans l'absolu, c'est un simple parcours de plateau hyper basique et totalement formaté dont l’intrigue secondaire est celle d'un ado rejeté qui devient le héros du jeu grâce à ses talents. L'intrigue principale? Ben y en a pas vraiment, ou plutôt c'est le film dans le jeu l'intrigue. Techniquement, l'univers cubique est plutôt bien réalisé. Des moutons roses aux méchants cochons en passant par les villages, les grottes et autres lieux craftés, Minecraft respire le dépaysement. Et vu l'actualité loin d'être joyeuse ces temps, s'évader dans monde coloré, s'aventurer l'épée à la main et se changer les idées, c'est pas ce que cherchent la plupart des gamers, non? Donc je pense que c'est pour ça que Minecraft a un tel succès populaire, en dépit des critiques de fond de cuvettes. Minecraft assume son rôle de simple divertissement sans prise de tête, ne s’apitoie pas sur telle ou telle injustice, ne lance aucun débats métaphysique sur la condition de l'être numérique. Les gags y sont à raz les paquerettes, avec des situations pathétiques, des résolutions WTF, c'est vrai! Mais y a aussi cette petite étincelle de génie qui brille en arrière-plan, cette lueur aux effluves d'irrévérence qu'on cache généralement à grand renfort de parfums neutralisants dans les films. Basiquement, dans Minecraft, les méchants sont marrants, les gentils sont niais et l'univers parcouru est plein de PNJ zombies ou villageois. Ah et on y mange du poulet! Y a aussi quelques allusions bien placées à des classiques comme Jumanji, la bataille du gouffre de Helm du Seigneur des Anneaux et Indiana Jones (grand moment de Momoa, c'est hilarant). Alors que mon fils s'agitait devant chaque action de Stève et de ses amis, et moi je me surprenais à rire des niaiseries de Momoa et de Black et à me demander quel est le fumet d'une cuisse de poulet cuit à la lave et sans aucun slogan culpabilisant. Ce film a réellement une touche des années 80, celle d'un temps ou les ZAZ (Zucker Abrams Zucker) et John Hugues régnaient en maître de l'humour potache. Voilà pourquoi ce film m'a plu: parce qu'au delà des simples péripéties de 2 acteurs qu'on soupçonne ingérables, j'ai sourit et mon fils a beaucoup ri et il est sorti de la séance heureux en me disant : ""10 sur 10"". Je suis loin d'être fan de Jack Black. Le rôle de sa vie c'est de surjouer en faisant croire qu'il est comique et on dirait qu'il n'est casté que pour ça d'ailleurs. Je ne l'ai vu qu'1 seule fois jouer un vrai rôle de composition à peu près honnête, c'est dans ""The Holiday"" avec Kate Winslet et Cameron Diaz. Quant à Jason Momoa, depuis la série North Shore, il a égaré son authenticité. Ca passe encore dans le 1er Aquaman (pas le second) mais depuis il semble se faire caster uniquement comme l'ingérable hawaïen de service. J'ajouterais que j'ai vu le film en 3D avec 4DX (sièges qui bougent et effets physiques)  et je ne le recommande pas car ce film, à l'exception d'une courte séquence de vol, n'a pas de scènes appropriées à ce genre d'effets physiques. Tout ce qu'ils ont trouvé est de nous balancer des chocs à fond lors de chaque combat. Et y a aussi des gouttes d'eau au visage quand le chien-loup Denis lèche le visage de Stève.","3,0"
"Visuellement, le film peine à convaincre, avec des effets spéciaux qui rappellent des productions à petit budget. Plus décevant encore, il semble passer à côté de l'essence créative du jeu, proposant une approche peu imaginative alors que son sujet central est l'épanouissement par la créativité. L'histoire, orientée vers un public très jeune, propose un récit simple et parfois déroutant. La structure narrative manque de fluidité. Bien que ce film ne m'ait pas plu personnellement, il pourrait potentiellement divertir un jeune public.","0,5"
Moi perso j'ai adoré c'est un peu comme Jumanji les décors sont fantastiques je trouve aussi que les animaux sont très bien fait ,"5,0"
"Je sais pas quoi dire, si ce n'est que c'était un SACRÉ NANAR !Je suis pas du tout un fan de Minecraft mais je m'attendais au moins à un film un minimum divertissant, mais je n'ai pas ressenti une seule once d'amusement durant tout le film : c'est nul, c'était inintéressant, les personnages sont vides, l'univers n'a aucun sens, l'intrigue n'a ni queue ni tête et les effets spéciaux sont pourris !C'est probablement l'une des pires adaptations de jeux vidéos que j'ai jamais vu !","1,0"
"Pour le lecteur pressé, en moins de 3 minutes :  Pour découvrir ma critique vidéo complète, copier/coller ""cinéma sans fard + minecraft le film"" sur YouTube ! Et s'abonner à cette chaîne Youtube où je publie régulièrement ces articles, pour n'en rater aucun !J'ai finalement vu Minecraft. Un cheval bleu. Oui, un cheval bleu. C’est littéralement la première chose que j’ai notée en sortant de Minecraft, Le Film. Pas parce que c’est un élément-clé du scénario. Non. Juste parce que c’était là. Comme tout le reste.Dans un monde carré où la logique se plie à la loi du bloc, Jared Hess décide de tout casser, sauf les clichés. Jason Momoa, en armure de cuir pixelisé, traîne sa tignasse et ses répliques comme un aventurier qui aurait perdu sa boussole dans les shaders. Le pitch ? Une ado rebelle qui doit sauver l’Overworld avec ses amis cubiques… ou était-ce l’inverse ? Peu importe. On est là pour les creepers et les vannes sur le charbon.Le film tente un équilibre entre l’aventure initiatique et la comédie absurde. Spoiler : il échoue dans les deux. On se retrouve avec des scènes d’action mollassonnes, des blagues qui tombent plus à plat qu’un creeper désamorcé, et des personnages secondaires aussi creux qu’une grotte minée à la TNT.C’est drôle, parce que tout dans ce film semble avoir été généré aléatoirement. Comme si Jared Hess avait appuyé sur “/randomscript” et laissé faire le sort. Le montage ? Un speedrun sous acide. Les dialogues ? On dirait du chat en mode survie, avec autocorrect en prime. La musique, elle, hésite entre pastiche héroïque et playlist oubliée de Myspace.Et pourtant… il y a ce petit quelque chose. Ce parfum d’échec fascinant. Comme un gâteau au poisson dans le jeu : c’est bizarre, ça n’a aucun sens, mais tu continues à en manger, juste pour voir si ça s’améliore (ça ne s’améliore pas). À un moment, un villageois parle. Enfin, “parle”… Hmmmmmmm. Voilà. Voilà le niveau d’écriture.Et puis y’a Jack Black. Oh Jack. Il apparaît, il chante vaguement, il s’en va. Un caméo ? Une hallucination collective ? Un bug ? Le mystère reste entier. Même les enfants dans la salle étaient confus. À côté de moi, un petit a demandé : “Papa, c’est censé être drôle ?” Et le père de répondre, après une longue pause : “Je ne sais pas, fils. Je ne sais pas.”La mise en scène ? Flottante comme un bateau sans rames sur un océan de bedrock. La direction artistique ? Ça oscille entre effet fond vert d’un tuto Blender et cosplay de salon. Même les Endermen avaient l’air de vouloir rentrer chez eux.Il faut reconnaître une chose au film : il est fidèle à l’esprit Minecraft. C’est-à-dire qu’il n’explique rien, ne guide personne, et te laisse errer dans un no man’s land narratif en espérant que tu trouves quelque chose d’intéressant à faire.Alors voilà. Minecraft, Le Film, c’est une œuvre qui aurait pu être une grande comédie métaphysique sur le vide existentiel en 8x8 pixels. À la place, c’est une séance de minage mental où chaque minute te fait regretter de ne pas avoir choisi l’option “désinstaller”.Mais bon, au moins y’avait un cheval bleu.","1,0"
"Déçu c'est tout ce que peut dire de base je m'en foutais de l'animation car un film ne se résume jamais a ça mais là c'est..... on dirait une creepy pasta ou un film d'horreur vu comment les animations sont effrayantes, avec des articulations trop peu naturel mais sinon les paysages sont beau ainsi que les effets spéciaux. Le jeux d'acteurs n'est pas le meilleur comme il n'est pas le pire la VF de Steve est exceptionnelle ainsi que la VF des autre personnages le casting est bon mais les on ne voit pas assez les deux filles et trop Steve qui ne ressemble pas trop a Steve. Pour le scénario j'aurai pensé mieux en sachant que l'histoire des personnages ont été deviné par des personnes sur tiktok car ils sont très basique et pour l'histoire en général c'est simple quoi Malgosha veut conquérir le monde et Steve veut l'empêcher au final il agréable a voir même si le combat final ressemble vachement a avengers: Endgame Je pense pour qu'il soit meilleure ils auraient dû faire un film avec des animations fidèle au jeux en plus d'être muet","3,0"
"Après des décennies à manquer de respect envers l'industrie du jeu vidéo au travers des adaptations cinématographiques souvent ratées (Tomb Raider, Assassin's Creed, Resident Evil, ...), on aurait pu croire qu'Hollywood finirait par lâcher l'affaire au vu des faibles scores au box-office... Mais cette idée n'allait certainement pas quitter les producteurs dès lors qu'en misant sur les mascottes nostalgiques de Sega et Nintendo, c'était quasiment le jackpot assuré. Et en effet, Sonic et Mario ont su apporter le succès tant espéré à l'industrie du cinéma en s'adressant à un large public pouvant fédérer les ""vieux"" gamers tout comme leurs marmots. Il ne fallait pas attendre bien longtemps, dans ce cas, pour que pleuvent les projets tentant de renouveler le succès monumental comme Mario et son millard d'euros largement engrangé. Et puis naïvement, en tant que spectateur, on se disait ""pourquoi pas ?"" parce que sans être des oeuvres révolutionnaires, le résultat des deux projets était plutôt sympathique et respectueux des jeux originels notamment grâce à l'implication de Sega et Nintendo dans le processus de création. Nous voici donc devant le projet Minecraft, adaptation d'un des jeux vidéo les plus vendus de tous les temps et s'adressant principalement à un jeune public. Et bien voilà, le résumé est fini : Il s'agit d'un projet à seul but mercantile s'appuyant sur une licence très célèbre et qui n'a jamais pour ambition d'être créatif, de proposer autre chose que transposer le décor du jeu au cinéma, ni plus, ni moins. A dire vrai, ma phrase précédente aurait pu finir à ""projet mercantile qui n'a jamais d'ambition"".... Le scénario illustre la flemmardise du projet initial et on suit ainsi une aventure où aucune péripétie ne passionne, où l'humour tombe systématiquement à plat (pour ne pas dire sombre souvent dans le malaise) et dont les personnages inintéressants ne sauront nous captiver. Seul le duo Jack Black / Jason Momoa parvient, parfois, à nous faire sourire, mais c'est souvent la conséquence de leur lourdeur, autant par l'écriture absurde des personnages qu'en raison de l'interprétation extrêmement poussive des comédiens. Vous avez dit subtilité ? Non, ça ça n'existe pas... Et le jeune public, qu est la cible, ne justifie pas l'idiotie de l'ensemble. Et en même temps, qu'espérions-nous de l'adaptation d'un jeu bac à sable qui n'a aucune ambition narrative de base ?","2,0"
"Fan du jeu depuis 2012, j'ai passé un mauvais moment devant ce film...visuellement c'est pas trop mal, quelques clins d'oeil sont bien trouvés, Jack Black fait ce qu'il peut mais dans l'ensemble c'est plus médiocre. J'accorde quand même 2/5 car comme je viens de dire il y a quelques points positifs mais franchement il y avait beaucoup mieux à faire. Décevant et franchement oubliable. Si vous avez 2h devant vous, lancez le jeu plutôt que d'aller voir ce film, vous passerez un meilleur moment.","2,0"
"On ne peut pas dire que cette adaptation cinèma de « Minecraft » ait obtenu le même accueil auprès du gamer de type sandbox qui semble ne pas vouloir entrer dans une salle obscure et voir un film pleinement assumè comme il joue aux jeux vidèo! Et pourtant ce divertissement inventif et sans temps mort nous introduit dans un mèlange dètonnant ne manquant pas à l'occasion de mêler à l'aventure simple et très visuel, le spectaculaire et l'humour très second degrè reposant essentiellement sur l'abattage de Jack Black et Jason Momoa! Mais plus surprenant est de constater le succès au box-office! Essayons donc plutôt, à travers ce phènomène « Minecraft » de dèterminer ce qui manifeste un simple regain du genre ou, plus profondèment, un renouveau! Ce monde n'a pas de sens, mais avec Jared Hess (""Napoleon Dynamite"") l'action distrayante devient un èlèment primordial où l'ennui est totalement exclu! Très sympa donc...et marrant avec ça! Vu avec ma fille le 06 avril 2025...","3,0"
"Les hommes au charbon, les femmes à la maison... Minecraft, le jeu vidéo, c'est un univers infini à construire soi-même, sans aucune autre limite que son imagination débordante. Minecraft, le film, c'est tout l'inverse, tant il brille (plus que l'orbe) par son scénario sans aucune idée, enchaînant les facilités comme des perles, et ne consistant qu'en un battle de surjeu (épuisant) entre Jason Momoa (recyclant son jeu de Fast X) et Jack Black (qui chante ""La-la-la-lava ch-ch-ch-chicken"" sans aucune raison, si ce n'est que la Warner essaie poussivement de reproduire son buzz du ""Peach, Peach, Peach"" de Super Mario Bros...). Allez, on accorde quand même que le soin de l'animation n'est pas mal (le rendu en 3D est plutôt joli), et qu'il y a pas mal d'action...dommage qu'elle ne soit réservée qu'aux hommes. Oui, vous avez bien lu, dès après la première bataille (où les filles se contentent de renverser une pauvre table...), le film choisit de scinder en deux son équipe : d'un côté, les hommes, qui 
spoiler: 
font une course-poursuite en volant dans les cieux, fracassent du méchant à tours de bras, font une course de wagon dans une mine
, bref, ont toute l'aventure pour eux, et de l'autre côté, les deux femmes, qui 
spoiler: 
fondent un joli foyer avec des fleurs au balcon, nourrissent le toutou, parlent parentalité, et attendent bien gentiment le retour de leurs hommes. 
On est dans une pub des années 50, à vomir. Pour ce qui est de l'humour, on oscille entre un soupçon de cocasse ""pour enfants"" (le petit garçon du siège à côté a dû rire cinq fois, ne captant rien aux autres gags ""nostal-geeks"" ou ""Tik-tokables"") comme Momoa qui se prend une sorte d'oursin dans le popotin (on a souri) et à l'inverse une immense rasade de gags ""volontairement gênants"" (une surchauffe totale de Momoa et Black, humour balourd qui nous a blasé tout du long), ou encore des coups de coudes aux fans des réseaux sociaux ou aux geeks très (trop, à ce stade) nostalgiques. On a donc Jack Black qui cite ""Mamacita"" à savoir la ""trend"" Tik Tok d'il y a quelques années (on l'ignorait, c'est simplement la réplique qu'on n'a pas comprise, donc on est allés chercher), ou encore Jack Black qui refait Nacho Libre (comme c'est le même réalisateur), et une vague impression de repompage sur le récent Jumanji. A part ça, on se demande qui était ce 
spoiler: 
vieux devant la mine au début (qui ne vieillit pas en 30 ans), ou pourquoi il ne rattrape pas Steve une fois dans la mine, ou comment le gamin sait où trouver le portail dimensionnel (l'orbe l'attire ? Si oui, le jeu d'acteur est effroyable, car on ne dirait pas que le cube tire vers l'avant), ou comment tout le reste de la bande passe au travers si seule l'orbe est aspirée vers l'avant (on doute que Garth ou l'agent immobilier risque volontairement leur vie pour le gamin, alors quoi ? Comment se fait-il qu'ils débarquent dans le jeu ?), ou comment le premier zombi a réussi à monter sur la tour, ou comment un dirigeable peut débouler dans une scène sans que personne ne l'ait vu arriver, ou comment la Sorcière trouve miraculeusement plein de potions pour ses soldats alors qu'ils étaient en pénurie deux secondes avant...
Bref, on s'arrête là pour les inepties de scénario qui ne sont qu'une pénible suite de ""Chut, c'est magique"", la liste serait trop longue (jusqu'à la scène post-générique qui introduit au forceps le personnage 
spoiler: 
 d'Alex, la fiancée de Steve dans le jeu,
 donc l'aveu qu'on part déjà sur une petite saga lucrative et sans idées... Youpi, une autre dame pour arroser les fleurs). On ne sauve que la scène de l'oursin au popotin (premier rire du gamin à côté, et de nous-même, à mi-film, il était temps), qu'un certain dynamisme (pour les personnages masculins uniquement, puisque les femmes doivent rester à la maison avec Médor), qu'un soin à l'animation (et 3D), le tout noyé dans un produit commercial étouffé par ses références lourdes, ses deux acteurs principaux en battle de surjeu (infernal) et un scénario à trous qu'il faut combler par nous-même (c'est peut-être la nouvelle version du jeu).","1,5"
"Une Comédie des plus simples, familiale, accessible à toutes et tous. Jack Black et Jason Momoa en duo assez fun. Pas mal.","3,0"
"Gros flop selon la critique presse française (la note atteint 1,8 sur 5 au moment d'écrire ces lignes), « A Minecraft Movie » vient de réaliser le meilleur démarrage de l'année 2025 aux États-Unis, tous genres confondus. Ça faisait des mois que la bande-annonce m'avait tapé dans l'oeil et même si l'excitation avait été un peu ""douchée"" par les avis des professionels, nous sommes allés - avec Grégoire, qui me suit toujours dans des aventures improbables au cinéma - découvrir les aventures de Jack Black dans cet univers pop et coloré, où l'angle droit est de rigueur. On a passé un très bon moment ! Le scénario n'est sans doute pas un travail d'orfèvre mais le rythme est effrené et le héros barbu rivalise de cabotinage face à un Jason Momoa au lissage parfait. Avec un résultat au box-office trois fois supérieur aux prévisions des spécialistes, Minecraft aura donc une suite, on peut en deviner les premières lignes dans la séquence post-générique.","3,5"
"Un scénario écrit sur un coin de table, des dialogues creux, une réalisation parfois bancale... ""Minecraft"" cumule bon nombre de tares, mais survit grâce à son énergie communicative. Attention, pas de suite, ou tout au moins, pas sur ce format...","2,0"
Le film  semble avoir été écrit par une intelligence artificielle.. j'avais du mal a suivre l'humour de jack Black et de Jason Momoa.. une ambiance d'outre Monde pour les petits enfants au Monde de Minecraft...  Le sens du film est illisible Cinématographiquement;. les plans de cadrages étaient insupportable.. la lumière ... inexistante... Jason Momoa... ne croit meme pas en son role;. et il sert a quoi?? que fait il ici? on ne saura jamais;..  Les acteurs secondaires... inexistant.. vous avez vu quelque chose vous? des semblants d'acteurs qui sont completement perdu dans leur role  bref.. j'aurais du aller voir le film d'a coté..,"0,5"
"Acteurs pas dingues, scénario un peu simpliste, un film d'aventure divertissant malgré tout mais qui ne donne pas envie de jouer à Minecraft","2,0"
